elem_id,domain_name
1,Software Products and Web Services
2,Software Products and Web Services
3,Game
4,Software Products and Web Services
5,E-commerce
5,Software Development Outsourcing
5,Software Products and Web Services
6,E-commerce
6,Financial Services
7,IT Services and IT Consulting
8,Software Products and Web Services
9,Financial Services
11,Game
11,Software Products and Web Services
12,IT Services and IT Consulting
13,IT Services and IT Consulting
14,IT Services and IT Consulting
15,Software Development Outsourcing
15,Software Products and Web Services
16,Software Development Outsourcing
16,Software Products and Web Services
17,Software Development Outsourcing
17,Software Products and Web Services
18,Software Products and Web Services
19,IT Services and IT Consulting
19,Software Development Outsourcing
19,Software Products and Web Services
19,AI Software & Services
20,IT Services and IT Consulting
20,Software Development Outsourcing
20,Software Products and Web Services
20,AI Software & Services
21,Software Products and Web Services
22,Banking
22,Software Products and Web Services
22,Financial Services
23,Software Products and Web Services
24,AI Software & Services
25,Software Products and Web Services
26,"Transportation, Logistics and Warehouse"
27,AI Software & Services
28,IT Services and IT Consulting
29,Banking
29,Software Products and Web Services
29,Financial Services
29,AI Software & Services
30,Software Development Outsourcing
31,IT Services and IT Consulting
32,IT Services and IT Consulting
32,Software Development Outsourcing
32,Software Products and Web Services
32,AI Software & Services
33,AI Software & Services
34,IT Services and IT Consulting
35,Software Products and Web Services
36,Education and Training
37,"Real Estate, Property and Construction"
37,IT Services and IT Consulting
37,Software Products and Web Services
38,Software Products and Web Services
39,Banking
39,Securities & Investment
39,Financial Services
39,AI Software & Services
40,Software Products and Web Services
41,IT Services and IT Consulting
41,Software Products and Web Services
41,Professional Services
41,AI Software & Services
42,Banking
42,Financial Services
44,E-commerce
44,IT Services and IT Consulting
44,"Transportation, Logistics and Warehouse"
44,Software Development Outsourcing
44,Software Products and Web Services
45,Software Development Outsourcing
46,Banking
46,Financial Services
48,AI Software & Services
49,Software Products and Web Services
50,Software Products and Web Services
51,AI Software & Services
52,AI Software & Services
53,Tourism and Hospitality Services
53,IT Services and IT Consulting
53,Software Products and Web Services
53,Emerging Tech R&D
53,AI Software & Services
54,IT Services and IT Consulting
54,Software Products and Web Services
54,Professional Services
54,AI Software & Services
55,IT Services and IT Consulting
56,Manufacturing and Engineering
57,IT Services and IT Consulting
58,Software Products and Web Services
59,Manufacturing and Engineering
59,IT Services and IT Consulting
59,Software Development Outsourcing
59,Software Products and Web Services
59,AI Software & Services
60,Software Products and Web Services
61,Software Products and Web Services
62,AI Software & Services
63,Banking
64,Blockchain & Web3 Services
64,Software Products and Web Services
64,AI Software & Services
65,AI Software & Services
66,IT Services and IT Consulting
67,IT Services and IT Consulting
67,Software Products and Web Services
67,Emerging Tech R&D
67,AI Software & Services
68,Tourism and Hospitality Services
68,IT Services and IT Consulting
68,Software Development Outsourcing
68,Software Products and Web Services
68,AI Software & Services
69,Banking
69,Financial Services
70,Network and Infrastructure
71,E-commerce
71,Trading and Commercial
71,Creative and Design
71,AI Software & Services
72,E-commerce
72,Pharmaceuticals
72,Retail and Wholesale
72,Healthcare
72,AI Software & Services
73,Software Products and Web Services
73,AI Software & Services
74,E-commerce
75,IT Services and IT Consulting
75,AI Software & Services
76,AI Software & Services
77,AI Software & Services
78,Software Products and Web Services
79,IT Services and IT Consulting
79,Financial Services
80,Banking
80,Software Products and Web Services
80,Financial Services
81,IT Services and IT Consulting
81,Software Products and Web Services
81,AI Software & Services
82,"Media, Advertising and Entertainment"
82,IT Services and IT Consulting
82,Software Products and Web Services
82,Emerging Tech R&D
82,AI Software & Services
83,Banking
83,Financial Services
84,Game
85,IT Services and IT Consulting
86,IT Services and IT Consulting
88,Software Development Outsourcing
89,IT Services and IT Consulting
90,Software Products and Web Services
91,Financial Services
92,Banking
92,Software Products and Web Services
92,Financial Services
93,Software Products and Web Services
94,Software Products and Web Services
95,Software Development Outsourcing
96,IT Hardware and Computing
97,Software Products and Web Services
98,Software Products and Web Services
98,Financial Services
99,AI Software & Services
100,IT Services and IT Consulting
100,Cyber Security
100,Software Products and Web Services
100,Emerging Tech R&D
100,AI Software & Services
101,IT Services and IT Consulting
101,Software Products and Web Services
101,Healthcare
102,IT Hardware and Computing
102,Manufacturing and Engineering
102,IT Services and IT Consulting
102,Software Development Outsourcing
102,Software Products and Web Services
103,IT Services and IT Consulting
103,Software Development Outsourcing
103,Software Products and Web Services
105,IT Services and IT Consulting
105,"Transportation, Logistics and Warehouse"
106,E-commerce
107,IT Services and IT Consulting
107,Software Development Outsourcing
107,Software Products and Web Services
107,AI Software & Services
108,Software Development Outsourcing
109,Financial Services
110,Manufacturing and Engineering
110,IT Services and IT Consulting
110,Network and Infrastructure
110,Software Development Outsourcing
110,Software Products and Web Services
111,Software Products and Web Services
112,Software Products and Web Services
113,Game
113,IT Services and IT Consulting
113,Financial Services
114,"Media, Advertising and Entertainment"
114,Software Products and Web Services
115,E-commerce
116,"Real Estate, Property and Construction"
116,Software Products and Web Services
117,Software Products and Web Services
118,Software Development Outsourcing
119,Game
119,"Media, Advertising and Entertainment"
119,Software Products and Web Services
120,E-commerce
120,Software Products and Web Services
121,IT Services and IT Consulting
121,Software Development Outsourcing
121,Emerging Tech R&D
122,Software Products and Web Services
123,IT Services and IT Consulting
124,IT Services and IT Consulting
125,Software Products and Web Services
125,AI Software & Services
126,Software Products and Web Services
126,Staffing and Recruiting
127,Financial Services
128,IT Services and IT Consulting
129,IT Services and IT Consulting
129,Software Development Outsourcing
129,Software Products and Web Services
130,E-commerce
131,Education and Training
132,Software Development Outsourcing
132,AI Software & Services
133,IT Services and IT Consulting
134,E-commerce
135,Software Development Outsourcing
136,IT Services and IT Consulting
138,E-commerce
138,IT Services and IT Consulting
138,"Transportation, Logistics and Warehouse"
138,Software Development Outsourcing
138,Software Products and Web Services
139,Software Products and Web Services
139,AI Software & Services
140,E-commerce
141,IT Services and IT Consulting
141,Software Development Outsourcing
141,Software Products and Web Services
142,Blockchain & Web3 Services
142,Software Development Outsourcing
143,Software Products and Web Services
144,Manufacturing and Engineering
144,IT Services and IT Consulting
144,Software Development Outsourcing
144,Software Products and Web Services
144,AI Software & Services
145,Blockchain & Web3 Services
145,Software Products and Web Services
145,Securities & Investment
145,Financial Services
146,IT Services and IT Consulting
147,Software Development Outsourcing
148,Software Products and Web Services
149,Insurance
149,Pharmaceuticals
149,Healthcare
150,IT Services and IT Consulting
151,Manufacturing and Engineering
151,IT Services and IT Consulting
151,Software Development Outsourcing
151,Software Products and Web Services
151,AI Software & Services
152,E-commerce
152,"Media, Advertising and Entertainment"
152,IT Services and IT Consulting
152,Software Products and Web Services
153,Telecommunication
153,Software Products and Web Services
154,E-commerce
154,Creative and Design
154,AI Software & Services
155,Banking
155,Financial Services
157,Cyber Security
157,Software Products and Web Services
157,AI Software & Services
158,Software Products and Web Services
159,Cyber Security
160,Tourism and Hospitality Services
160,Education and Training
160,"Real Estate, Property and Construction"
160,IT Services and IT Consulting
160,Healthcare
161,Software Products and Web Services
163,Financial Services
164,Game
164,"Media, Advertising and Entertainment"
164,Software Products and Web Services
165,Software Development Outsourcing
166,Software Products and Web Services
167,Software Products and Web Services
168,Software Products and Web Services
168,Sports and Fitness
168,AI Software & Services
169,E-commerce
170,IT Services and IT Consulting
171,Education and Training
171,IT Services and IT Consulting
171,Software Products and Web Services
171,AI Software & Services
172,IT Services and IT Consulting
172,Software Development Outsourcing
172,Software Products and Web Services
172,AI Software & Services
173,Software Products and Web Services
174,Software Products and Web Services
175,Healthcare
176,Banking
177,IT Services and IT Consulting
177,Software Products and Web Services
177,Professional Services
177,AI Software & Services
178,IT Services and IT Consulting
179,Insurance
179,Banking
179,Software Development Outsourcing
179,Securities & Investment
179,Financial Services
180,E-commerce
181,Banking
181,Software Products and Web Services
181,Financial Services
182,Manufacturing and Engineering
183,"Transportation, Logistics and Warehouse"
184,Financial Services
185,Software Development Outsourcing
185,Software Products and Web Services
186,Software Products and Web Services
186,AI Software & Services
187,IT Services and IT Consulting
188,Software Development Outsourcing
189,IT Services and IT Consulting
189,Software Development Outsourcing
189,Software Products and Web Services
190,IT Services and IT Consulting
190,Software Products and Web Services
191,IT Services and IT Consulting
192,IT Services and IT Consulting
192,Software Products and Web Services
192,Healthcare
193,IT Services and IT Consulting
194,Software Products and Web Services
194,Healthcare
195,"Transportation, Logistics and Warehouse"
196,IT Services and IT Consulting
197,Software Development Outsourcing
198,Insurance
198,Banking
198,Software Development Outsourcing
198,Securities & Investment
198,Financial Services
199,Insurance
199,Banking
199,Software Development Outsourcing
199,Securities & Investment
199,Financial Services
200,Manufacturing and Engineering
200,Retail and Wholesale
200,Software Products and Web Services
200,AI Software & Services
201,"Transportation, Logistics and Warehouse"
202,Financial Services
203,Emerging Tech R&D
204,E-commerce
204,IT Services and IT Consulting
204,Software Development Outsourcing
204,Software Products and Web Services
205,E-commerce
206,Software Development Outsourcing
207,Government
207,Software Products and Web Services
208,Manufacturing and Engineering
208,Environment
208,IT Services and IT Consulting
208,Software Products and Web Services
208,AI Software & Services
209,Software Products and Web Services
210,IT Services and IT Consulting
211,IT Services and IT Consulting
212,Software Products and Web Services
213,Food and Beverage
213,E-commerce
213,Retail and Wholesale
213,Software Products and Web Services
214,Education and Training
215,Software Development Outsourcing
215,Healthcare
216,Banking
216,Securities & Investment
216,Financial Services
216,AI Software & Services
217,Banking
217,Financial Services
218,IT Services and IT Consulting
219,Education and Training
220,IT Services and IT Consulting
221,Trading and Commercial
221,Agriculture
222,Education and Training
222,Software Products and Web Services
223,Telecommunication
224,Telecommunication
225,Blockchain & Web3 Services
225,IT Services and IT Consulting
225,Software Products and Web Services
226,Banking
226,Financial Services
227,IT Services and IT Consulting
228,IT Services and IT Consulting
229,E-commerce
230,Tourism and Hospitality Services
231,Emerging Tech R&D
232,IT Services and IT Consulting
233,Software Products and Web Services
233,AI Software & Services
234,Manufacturing and Engineering
234,IT Services and IT Consulting
234,Software Development Outsourcing
234,Emerging Tech R&D
235,Financial Services
236,Financial Services
237,Financial Services
238,Banking
238,Securities & Investment
238,Financial Services
239,Banking
239,Securities & Investment
239,Financial Services
240,IT Hardware and Computing
241,Software Products and Web Services
242,Software Products and Web Services
243,Securities & Investment
244,Financial Services
245,Banking
245,Securities & Investment
245,Financial Services
246,Banking
247,Banking
247,Financial Services
248,Financial Services
249,Software Products and Web Services
250,Banking
250,Financial Services
251,Banking
251,Financial Services
252,Banking
252,IT Services and IT Consulting
252,Telecommunication
252,Emerging Tech R&D
252,AI Software & Services
253,Software Products and Web Services
254,Banking
254,Financial Services
255,Banking
255,Financial Services
256,Financial Services
257,Banking
257,Financial Services
258,Banking
258,Financial Services
259,Banking
259,Financial Services
260,Banking
260,Financial Services
261,Banking
261,Financial Services
262,Financial Services
263,Banking
264,Software Products and Web Services
264,Securities & Investment
264,Financial Services
265,Software Products and Web Services
265,Financial Services
266,Software Products and Web Services
267,Banking
268,Banking
269,Financial Services
270,Software Products and Web Services
271,Banking
272,IT Services and IT Consulting
273,IT Services and IT Consulting
273,Software Products and Web Services
273,Securities & Investment
273,Financial Services
274,IT Services and IT Consulting
275,IT Services and IT Consulting
275,Network and Infrastructure
276,Education and Training
277,Banking
277,Game
277,Retail and Wholesale
278,Banking
279,Manufacturing and Engineering
279,IT Services and IT Consulting
279,Cyber Security
279,Software Development Outsourcing
279,Software Products and Web Services
281,IT Services and IT Consulting
281,Cyber Security
282,Banking
282,IT Services and IT Consulting
282,Financial Services
283,"Real Estate, Property and Construction"
284,IT Services and IT Consulting
286,IT Services and IT Consulting
286,AI Software & Services
287,AI Software & Services
288,AI Software & Services
289,Banking
289,Financial Services
290,Banking
290,Financial Services
291,IT Services and IT Consulting
291,Securities & Investment
291,Financial Services
292,Banking
292,Software Products and Web Services
292,Financial Services
293,Banking
293,Financial Services
294,Banking
294,Financial Services
295,Banking
295,Financial Services
296,Financial Services
297,Financial Services
298,"Real Estate, Property and Construction"
299,Financial Services
300,Banking
301,"Real Estate, Property and Construction"
302,Financial Services
303,Banking
304,Financial Services
305,Financial Services
306,Insurance
306,Banking
306,Financial Services
307,Financial Services
308,Banking
308,Cyber Security
309,Banking
309,Financial Services
310,Insurance
310,Banking
310,Securities & Investment
310,Financial Services
311,IT Services and IT Consulting
311,Cyber Security
311,Financial Services
312,IT Services and IT Consulting
312,Software Products and Web Services
314,IT Services and IT Consulting
314,Software Products and Web Services
316,IT Services and IT Consulting
317,Banking
317,Financial Services
318,Software Products and Web Services
319,"Transportation, Logistics and Warehouse"
320,Banking
320,Financial Services
321,Game
322,Materials and Mining
323,Software Products and Web Services
324,"Transportation, Logistics and Warehouse"
324,Financial Services
325,Software Products and Web Services
326,Game
327,Education and Training
328,Sports and Fitness
329,Banking
329,Financial Services
330,Banking
330,Software Products and Web Services
330,Securities & Investment
330,Financial Services
331,Banking
331,Financial Services
332,E-commerce
333,AI Software & Services
334,AI Software & Services
335,Insurance
336,Banking
337,Software Products and Web Services
337,AI Software & Services
338,Banking
338,Financial Services
339,Software Development Outsourcing
340,Insurance
340,IT Services and IT Consulting
340,Healthcare
340,Financial Services
340,AI Software & Services
341,Tourism and Hospitality Services
342,"Transportation, Logistics and Warehouse"
343,E-commerce
343,"Transportation, Logistics and Warehouse"
344,Insurance
344,IT Services and IT Consulting
344,Healthcare
344,Financial Services
344,AI Software & Services
345,E-commerce
345,Software Products and Web Services
346,Game
347,Banking
347,Financial Services
348,E-commerce
349,E-commerce
350,IT Services and IT Consulting
351,IT Hardware and Computing
351,Network and Infrastructure
351,Software Development Outsourcing
351,Software Products and Web Services
351,AI Software & Services
352,Software Development Outsourcing
353,Insurance
353,Banking
353,Software Products and Web Services
353,Financial Services
354,Sports and Fitness
355,Software Products and Web Services
355,Financial Services
356,Banking
356,Securities & Investment
356,Financial Services
357,IT Services and IT Consulting
358,IT Services and IT Consulting
360,Banking
360,Software Products and Web Services
360,Securities & Investment
360,Financial Services
361,Banking
361,Financial Services
362,Banking
362,IT Services and IT Consulting
362,Software Products and Web Services
362,Financial Services
362,AI Software & Services
363,Banking
363,IT Services and IT Consulting
363,Software Products and Web Services
363,Financial Services
364,Banking
364,Financial Services
365,Banking
365,Financial Services
366,Banking
366,Financial Services
367,Banking
367,Financial Services
368,Banking
368,Software Products and Web Services
368,Financial Services
369,Software Products and Web Services
370,Banking
370,Software Products and Web Services
371,Software Products and Web Services
372,IT Services and IT Consulting
373,Retail and Wholesale
374,AI Software & Services
375,IT Services and IT Consulting
376,Sports and Fitness
377,Software Development Outsourcing
378,Software Products and Web Services
379,Banking
379,Financial Services
380,Software Products and Web Services
381,Banking
381,IT Hardware and Computing
381,Software Development Outsourcing
381,Financial Services
382,Software Development Outsourcing
383,IT Services and IT Consulting
384,IT Services and IT Consulting
384,AI Software & Services
385,Software Products and Web Services
385,Financial Services
386,Blockchain & Web3 Services
386,E-commerce
386,Education and Training
386,IT Services and IT Consulting
386,Creative and Design
387,IT Services and IT Consulting
388,Software Products and Web Services
389,IT Services and IT Consulting
390,Consumer Goods
390,IT Services and IT Consulting
390,Apparel and Fashion
391,Financial Services
392,E-commerce
392,IT Services and IT Consulting
392,"Transportation, Logistics and Warehouse"
392,Software Development Outsourcing
392,Software Products and Web Services
393,Software Development Outsourcing
394,Software Products and Web Services
395,Banking
395,Software Products and Web Services
395,Financial Services
396,Software Products and Web Services
397,Banking
397,Government
397,IT Services and IT Consulting
397,Software Development Outsourcing
398,Education and Training
399,IT Services and IT Consulting
400,E-commerce
400,"Transportation, Logistics and Warehouse"
400,Cyber Security
400,Software Development Outsourcing
400,Software Products and Web Services
401,Blockchain & Web3 Services
402,Banking
402,Financial Services
403,Education and Training
404,E-commerce
404,"Transportation, Logistics and Warehouse"
404,Software Products and Web Services
405,IT Services and IT Consulting
406,Banking
406,Financial Services
407,Software Products and Web Services
408,IT Services and IT Consulting
409,Pharmaceuticals
410,Software Development Outsourcing
411,Financial Services
412,IT Services and IT Consulting
413,Banking
413,Game
413,Financial Services
414,IT Hardware and Computing
414,IT Services and IT Consulting
414,"Transportation, Logistics and Warehouse"
414,Cyber Security
414,Software Products and Web Services
415,IT Services and IT Consulting
415,Network and Infrastructure
416,Network and Infrastructure
417,Software Development Outsourcing
418,Software Products and Web Services
418,AI Software & Services
419,Banking
419,Financial Services
420,Software Products and Web Services
421,Banking
422,"Media, Advertising and Entertainment"
422,"Real Estate, Property and Construction"
422,Software Products and Web Services
422,AI Software & Services
423,Insurance
423,Banking
423,IT Services and IT Consulting
423,Securities & Investment
423,Financial Services
424,Software Products and Web Services
425,IT Services and IT Consulting
426,IT Hardware and Computing
426,IT Services and IT Consulting
426,Software Development Outsourcing
426,Software Products and Web Services
426,AI Software & Services
427,IT Hardware and Computing
427,IT Services and IT Consulting
427,Software Development Outsourcing
427,Software Products and Web Services
427,AI Software & Services
428,Telecommunication
429,Telecommunication
430,IT Hardware and Computing
430,Telecommunication
430,Utilities
430,Emerging Tech R&D
430,AI Software & Services
431,AI Software & Services
432,IT Hardware and Computing
433,Game
433,IT Services and IT Consulting
433,Software Development Outsourcing
433,Software Products and Web Services
433,AI Software & Services
434,IT Services and IT Consulting
435,IT Hardware and Computing
435,Manufacturing and Engineering
435,AI Software & Services
436,Manufacturing and Engineering
436,IT Services and IT Consulting
436,Software Products and Web Services
436,Professional Services
436,AI Software & Services
437,IT Services and IT Consulting
439,IT Services and IT Consulting
440,IT Services and IT Consulting
441,IT Services and IT Consulting
441,Software Products and Web Services
442,Telecommunication
443,IT Services and IT Consulting
444,IT Hardware and Computing
445,Education and Training
445,"Transportation, Logistics and Warehouse"
445,Financial Services
446,Telecommunication
447,IT Services and IT Consulting
448,IT Services and IT Consulting
448,Software Development Outsourcing
448,Software Products and Web Services
449,IT Services and IT Consulting
449,Software Development Outsourcing
449,Software Products and Web Services
449,AI Software & Services
450,Software Products and Web Services
451,E-commerce
451,IT Services and IT Consulting
451,Telecommunication
451,Software Products and Web Services
451,Creative and Design
452,Software Products and Web Services
453,IT Services and IT Consulting
453,Software Development Outsourcing
453,Software Products and Web Services
454,Financial Services
455,Software Products and Web Services
455,AI Software & Services
456,Software Products and Web Services
457,Financial Services
458,Banking
459,Banking
459,Software Products and Web Services
459,Financial Services
460,IT Services and IT Consulting
461,IT Services and IT Consulting
462,Food and Beverage
462,Consumer Goods
462,Banking
462,Retail and Wholesale
462,IT Services and IT Consulting
463,IT Services and IT Consulting
464,IT Services and IT Consulting
464,Software Products and Web Services
465,Software Products and Web Services
465,Creative and Design
466,Blockchain & Web3 Services
466,Consumer Goods
466,E-commerce
466,Banking
466,Retail and Wholesale
467,Banking
467,Software Products and Web Services
468,Banking
468,Financial Services
469,Banking
469,Financial Services
470,Banking
470,Software Products and Web Services
470,Financial Services
471,Telecommunication
472,IT Hardware and Computing
472,Software Products and Web Services
473,Blockchain & Web3 Services
473,IT Services and IT Consulting
473,Software Products and Web Services
475,Securities & Investment
477,Software Development Outsourcing
478,Banking
478,Software Products and Web Services
478,Financial Services
479,Securities & Investment
479,Financial Services
480,Software Products and Web Services
481,IT Hardware and Computing
482,Healthcare
483,Education and Training
483,Government
483,AI Software & Services
484,IT Services and IT Consulting
486,Healthcare
487,IT Services and IT Consulting
488,IT Services and IT Consulting
488,Software Products and Web Services
488,Professional Services
488,AI Software & Services
489,Education and Training
489,Software Products and Web Services
489,Staffing and Recruiting
490,Banking
490,Software Products and Web Services
490,Financial Services
491,IT Services and IT Consulting
492,Blockchain & Web3 Services
492,IT Services and IT Consulting
492,Software Products and Web Services
493,Software Products and Web Services
494,IT Services and IT Consulting
495,Software Products and Web Services
496,Software Development Outsourcing
496,Software Products and Web Services
497,Tourism and Hospitality Services
497,E-commerce
497,IT Services and IT Consulting
497,Software Products and Web Services
498,E-commerce
498,Software Products and Web Services
499,IT Services and IT Consulting
500,E-commerce
501,Software Development Outsourcing
503,Pharmaceuticals
503,Software Products and Web Services
503,Healthcare
504,Banking
505,Software Products and Web Services
506,Manufacturing and Engineering
506,IT Services and IT Consulting
506,Software Products and Web Services
506,Emerging Tech R&D
506,AI Software & Services
507,Healthcare
508,Healthcare
509,Software Development Outsourcing
510,Blockchain & Web3 Services
510,Securities & Investment
510,Financial Services
511,E-commerce
511,IT Services and IT Consulting
511,Software Products and Web Services
511,AI Software & Services
512,Banking
512,Securities & Investment
512,Financial Services
513,Software Development Outsourcing
514,Software Development Outsourcing
515,E-commerce
515,"Media, Advertising and Entertainment"
515,AI Software & Services
516,E-commerce
516,Software Development Outsourcing
517,Software Development Outsourcing
517,Software Products and Web Services
518,IT Services and IT Consulting
519,Software Development Outsourcing
520,AI Software & Services
521,Software Products and Web Services
522,IT Services and IT Consulting
523,IT Services and IT Consulting
524,Food and Beverage
524,E-commerce
524,Banking
525,Software Products and Web Services
526,E-commerce
527,Healthcare
528,Software Products and Web Services
528,AI Software & Services
529,IT Services and IT Consulting
529,Software Products and Web Services
530,Insurance
530,Education and Training
530,Banking
530,IT Services and IT Consulting
530,Software Development Outsourcing
531,Pharmaceuticals
531,Software Products and Web Services
531,Healthcare
532,Software Products and Web Services
533,Software Products and Web Services
534,Software Products and Web Services
535,Software Products and Web Services
535,AI Software & Services
536,IT Hardware and Computing
536,Manufacturing and Engineering
536,IT Services and IT Consulting
536,Software Products and Web Services
538,"Transportation, Logistics and Warehouse"
539,IT Services and IT Consulting
540,Software Development Outsourcing
540,Software Products and Web Services
540,AI Software & Services
541,IT Hardware and Computing
541,IT Services and IT Consulting
541,Software Products and Web Services
541,Creative and Design
541,Emerging Tech R&D
542,Software Development Outsourcing
542,Software Products and Web Services
542,AI Software & Services
543,IT Services and IT Consulting
543,Software Development Outsourcing
543,AI Software & Services
544,Education and Training
545,IT Services and IT Consulting
546,Blockchain & Web3 Services
546,IT Services and IT Consulting
546,Software Products and Web Services
547,IT Services and IT Consulting
548,Software Development Outsourcing
549,AI Software & Services
550,IT Services and IT Consulting
551,Software Development Outsourcing
552,IT Services and IT Consulting
553,Creative and Design
554,Software Development Outsourcing
555,Education and Training
556,E-commerce
557,Software Products and Web Services
558,Software Products and Web Services
559,Education and Training
559,Software Products and Web Services
559,AI Software & Services
560,E-commerce
560,"Media, Advertising and Entertainment"
560,IT Services and IT Consulting
560,Software Development Outsourcing
560,Software Products and Web Services
561,Banking
561,Software Products and Web Services
561,Financial Services
562,Software Products and Web Services
563,"Transportation, Logistics and Warehouse"
564,IT Services and IT Consulting
564,Software Development Outsourcing
564,Software Products and Web Services
564,Research Services
564,Professional Services
565,Software Products and Web Services
566,Software Products and Web Services
567,Software Development Outsourcing
568,IT Services and IT Consulting
568,Software Products and Web Services
569,Software Development Outsourcing
570,"Real Estate, Property and Construction"
571,Manufacturing and Engineering
571,IT Services and IT Consulting
571,Software Products and Web Services
572,Food and Beverage
572,Tourism and Hospitality Services
572,E-commerce
572,IT Services and IT Consulting
572,Financial Services
573,Software Products and Web Services
574,Software Products and Web Services
576,"Real Estate, Property and Construction"
577,Software Products and Web Services
578,IT Services and IT Consulting
579,Software Products and Web Services
580,Software Products and Web Services
581,Government
582,Banking
582,Software Products and Web Services
582,Financial Services
583,Education and Training
583,Banking
583,"Media, Advertising and Entertainment"
583,Software Development Outsourcing
583,Sports and Fitness
584,IT Services and IT Consulting
585,Software Development Outsourcing
586,IT Services and IT Consulting
587,Insurance
587,Software Products and Web Services
587,AI Software & Services
588,Software Products and Web Services
589,Software Development Outsourcing
590,Game
591,Game
591,Software Products and Web Services
592,Game
592,IT Services and IT Consulting
593,Game
594,Game
596,Game
597,Game
597,IT Services and IT Consulting
597,Software Products and Web Services
598,Game
598,IT Services and IT Consulting
598,Software Products and Web Services
600,Game
601,Software Development Outsourcing
601,Software Products and Web Services
602,Network and Infrastructure
603,Education and Training
603,Software Development Outsourcing
603,Software Products and Web Services
604,Financial Services
605,Banking
605,Financial Services
606,IT Services and IT Consulting
607,IT Services and IT Consulting
608,Manufacturing and Engineering
609,Manufacturing and Engineering
609,Software Products and Web Services
610,Banking
611,Blockchain & Web3 Services
611,IT Services and IT Consulting
611,Software Products and Web Services
612,Software Products and Web Services
612,AI Software & Services
613,Software Development Outsourcing
613,Software Products and Web Services
613,AI Software & Services
614,Software Development Outsourcing
614,Software Products and Web Services
614,AI Software & Services
615,IT Services and IT Consulting
615,AI Software & Services
616,Software Products and Web Services
617,Education and Training
618,IT Services and IT Consulting
619,Banking
619,Software Development Outsourcing
619,Software Products and Web Services
619,Financial Services
620,IT Services and IT Consulting
620,Software Products and Web Services
621,Banking
621,IT Services and IT Consulting
621,Financial Services
622,IT Services and IT Consulting
622,Software Development Outsourcing
622,Software Products and Web Services
623,AI Software & Services
624,Software Products and Web Services
625,Environment
625,"Transportation, Logistics and Warehouse"
625,Healthcare
625,Financial Services
626,Environment
626,Healthcare
626,Financial Services
627,AI Software & Services
628,Banking
629,Software Products and Web Services
630,Insurance
630,Banking
631,Software Products and Web Services
632,IT Services and IT Consulting
633,IT Services and IT Consulting
634,AI Software & Services
635,Software Products and Web Services
635,AI Software & Services
636,Banking
636,IT Services and IT Consulting
636,Financial Services
637,IT Services and IT Consulting
638,Banking
638,Financial Services
639,IT Services and IT Consulting
641,Banking
641,Software Products and Web Services
641,Financial Services
642,Banking
642,Financial Services
643,Banking
643,Financial Services
644,Banking
644,Financial Services
645,Banking
645,Financial Services
646,IT Services and IT Consulting
646,Software Products and Web Services
646,Creative and Design
647,E-commerce
647,Software Products and Web Services
648,Food and Beverage
648,Software Products and Web Services
648,Healthcare
649,E-commerce
649,Software Products and Web Services
650,Software Development Outsourcing
651,Financial Services
652,Software Development Outsourcing
653,Software Products and Web Services
654,Insurance
654,IT Services and IT Consulting
655,Cyber Security
655,Software Products and Web Services
655,Financial Services
656,Insurance
656,Banking
656,Financial Services
657,Banking
658,Software Development Outsourcing
659,Network and Infrastructure
660,Software Products and Web Services
661,Financial Services
662,Healthcare
663,E-commerce
664,E-commerce
664,Retail and Wholesale
665,Education and Training
665,Game
665,IT Services and IT Consulting
665,Software Products and Web Services
666,Banking
666,Financial Services
667,Software Development Outsourcing
668,Software Products and Web Services
669,Software Products and Web Services
670,AI Software & Services
671,IT Services and IT Consulting
671,Software Development Outsourcing
671,Software Products and Web Services
672,Banking
672,Securities & Investment
672,Financial Services
672,AI Software & Services
673,IT Services and IT Consulting
673,Telecommunication
673,Software Products and Web Services
674,IT Services and IT Consulting
674,Software Products and Web Services
675,IT Services and IT Consulting
675,Financial Services
676,Banking
677,Food and Beverage
677,IT Services and IT Consulting
678,Consumer Goods
679,IT Services and IT Consulting
679,Software Development Outsourcing
679,Software Products and Web Services
680,IT Services and IT Consulting
681,IT Services and IT Consulting
682,IT Services and IT Consulting
682,Software Products and Web Services
682,Professional Services
683,E-commerce
683,Banking
683,IT Hardware and Computing
683,IT Services and IT Consulting
683,Financial Services
684,Insurance
685,E-commerce
686,"Real Estate, Property and Construction"
687,"Transportation, Logistics and Warehouse"
688,Healthcare
689,Software Development Outsourcing
689,Software Products and Web Services
690,Trading and Commercial
691,IT Services and IT Consulting
692,Financial Services
693,Insurance
693,Banking
693,IT Services and IT Consulting
693,Healthcare
693,Financial Services
694,IT Services and IT Consulting
694,Financial Services
695,IT Services and IT Consulting
696,Agriculture
697,Manufacturing and Engineering
698,Food and Beverage
698,E-commerce
698,Banking
698,IT Hardware and Computing
699,IT Services and IT Consulting
700,Retail and Wholesale
701,Software Products and Web Services
702,Pharmaceuticals
702,Software Products and Web Services
702,Healthcare
703,Software Products and Web Services
703,Financial Services
704,E-commerce
704,IT Hardware and Computing
704,"Transportation, Logistics and Warehouse"
704,Software Products and Web Services
704,Financial Services
705,Insurance
705,Banking
705,IT Services and IT Consulting
706,Software Development Outsourcing
706,AI Software & Services
707,Insurance
707,Banking
707,Software Products and Web Services
707,Financial Services
708,Banking
709,IT Services and IT Consulting
710,IT Services and IT Consulting
710,Software Development Outsourcing
711,Blockchain & Web3 Services
711,Insurance
711,Banking
711,IT Services and IT Consulting
711,Financial Services
712,Software Products and Web Services
713,Banking
713,Software Products and Web Services
713,Financial Services
713,AI Software & Services
714,Insurance
715,IT Hardware and Computing
716,Game
716,"Media, Advertising and Entertainment"
716,IT Services and IT Consulting
716,Software Products and Web Services
716,Emerging Tech R&D
717,Banking
717,Software Products and Web Services
718,E-commerce
718,"Transportation, Logistics and Warehouse"
719,Software Development Outsourcing
719,Software Products and Web Services
721,IT Services and IT Consulting
722,Software Products and Web Services
723,Apparel and Fashion
724,Insurance
724,Banking
724,IT Services and IT Consulting
725,Telecommunication
726,IT Services and IT Consulting
726,Software Products and Web Services
726,Financial Services
727,Software Products and Web Services
728,Software Development Outsourcing
729,Software Products and Web Services
729,Financial Services
730,E-commerce
731,IT Services and IT Consulting
732,Software Development Outsourcing
733,Software Products and Web Services
734,IT Services and IT Consulting
735,IT Services and IT Consulting
735,Software Development Outsourcing
735,Software Products and Web Services
735,AI Software & Services
736,IT Services and IT Consulting
736,Software Development Outsourcing
736,Software Products and Web Services
736,AI Software & Services
737,IT Services and IT Consulting
738,Software Products and Web Services
738,AI Software & Services
739,Insurance
739,Banking
739,IT Services and IT Consulting
739,Software Development Outsourcing
739,Healthcare
740,Software Products and Web Services
740,Financial Services
741,Software Products and Web Services
742,IT Services and IT Consulting
743,Retail and Wholesale
744,Banking
744,"Transportation, Logistics and Warehouse"
744,Software Development Outsourcing
744,Software Products and Web Services
744,Financial Services
745,IT Services and IT Consulting
746,Financial Services
747,Creative and Design
748,Software Products and Web Services
749,IT Hardware and Computing
750,AI Software & Services
751,IT Services and IT Consulting
751,Software Development Outsourcing
751,Professional Services
751,Financial Services
752,Game
752,Software Development Outsourcing
752,Software Products and Web Services
753,Telecommunication
753,Network and Infrastructure
753,Software Products and Web Services
754,Software Products and Web Services
755,AI Software & Services
756,Software Products and Web Services
757,IT Services and IT Consulting
758,Software Products and Web Services
758,Healthcare
759,IT Services and IT Consulting
760,Software Products and Web Services
761,Retail and Wholesale
762,IT Services and IT Consulting
763,IT Services and IT Consulting
763,Software Development Outsourcing
763,Software Products and Web Services
764,IT Services and IT Consulting
765,Blockchain & Web3 Services
765,E-commerce
765,Software Development Outsourcing
765,Software Products and Web Services
765,AI Software & Services
766,Retail and Wholesale
767,Banking
767,Government
767,Financial Services
768,Game
769,E-commerce
769,IT Services and IT Consulting
769,"Transportation, Logistics and Warehouse"
769,Software Development Outsourcing
769,Software Products and Web Services
771,E-commerce
771,Manufacturing and Engineering
771,IT Services and IT Consulting
771,Software Products and Web Services
772,Software Products and Web Services
772,Financial Services
773,IT Services and IT Consulting
774,Banking
774,Financial Services
775,Banking
775,Financial Services
776,E-commerce
776,"Transportation, Logistics and Warehouse"
776,Software Products and Web Services
777,IT Services and IT Consulting
778,IT Services and IT Consulting
778,Software Development Outsourcing
779,IT Services and IT Consulting
780,Banking
780,Financial Services
781,Banking
781,Financial Services
782,IT Services and IT Consulting
782,Software Development Outsourcing
783,IT Services and IT Consulting
784,IT Services and IT Consulting
785,Software Products and Web Services
786,Software Products and Web Services
787,IT Services and IT Consulting
788,IT Services and IT Consulting
789,Game
790,AI Software & Services
791,IT Services and IT Consulting
792,IT Services and IT Consulting
793,Software Products and Web Services
794,"Real Estate, Property and Construction"
795,"Real Estate, Property and Construction"
796,"Media, Advertising and Entertainment"
797,Game
797,IT Hardware and Computing
798,"Transportation, Logistics and Warehouse"
798,Software Products and Web Services
799,Software Products and Web Services
799,Staffing and Recruiting
800,Banking
800,IT Services and IT Consulting
800,Software Development Outsourcing
800,Software Products and Web Services
800,AI Software & Services
801,Banking
803,IT Services and IT Consulting
803,Software Products and Web Services
803,AI Software & Services
804,IT Services and IT Consulting
805,IT Services and IT Consulting
805,Software Development Outsourcing
805,Software Products and Web Services
805,Emerging Tech R&D
805,AI Software & Services
806,IT Services and IT Consulting
807,IT Hardware and Computing
807,Manufacturing and Engineering
807,Software Products and Web Services
808,Banking
808,IT Services and IT Consulting
808,Software Products and Web Services
808,Financial Services
809,"Transportation, Logistics and Warehouse"
810,IT Services and IT Consulting
810,Software Products and Web Services
810,Creative and Design
811,Environment
811,"Real Estate, Property and Construction"
811,Facility Management
811,Research Services
811,Utilities
812,IT Services and IT Consulting
813,IT Services and IT Consulting
813,Telecommunication
814,Insurance
815,Insurance
815,IT Services and IT Consulting
815,Software Products and Web Services
815,Emerging Tech R&D
816,Game
818,IT Services and IT Consulting
818,Software Development Outsourcing
818,Software Products and Web Services
818,Professional Services
818,AI Software & Services
819,Software Products and Web Services
819,Emerging Tech R&D
819,AI Software & Services
820,E-commerce
820,IT Services and IT Consulting
820,Software Products and Web Services
821,E-commerce
822,Software Products and Web Services
822,Financial Services
823,Software Products and Web Services
825,Cyber Security
825,Software Products and Web Services
825,AI Software & Services
827,"Transportation, Logistics and Warehouse"
828,Insurance
829,Software Products and Web Services
830,Emerging Tech R&D
831,IT Services and IT Consulting
832,Financial Services
833,Software Products and Web Services
834,E-commerce
834,Software Products and Web Services
835,Securities & Investment
836,Game
837,IT Services and IT Consulting
838,IT Services and IT Consulting
839,Software Products and Web Services
840,IT Services and IT Consulting
842,E-commerce
842,Software Products and Web Services
844,Software Development Outsourcing
845,"Real Estate, Property and Construction"
846,IT Services and IT Consulting
847,IT Services and IT Consulting
847,Software Development Outsourcing
848,Software Products and Web Services
849,Software Products and Web Services
849,Healthcare
850,E-commerce
850,Game
850,Software Products and Web Services
851,Software Products and Web Services
852,Insurance
852,E-commerce
852,Pharmaceuticals
852,Software Products and Web Services
852,Healthcare
853,Banking
853,Software Products and Web Services
853,Financial Services
854,Food and Beverage
854,Consumer Goods
854,E-commerce
854,Retail and Wholesale
854,Software Products and Web Services
855,Food and Beverage
855,E-commerce
856,AI Software & Services
857,Insurance
857,Pharmaceuticals
857,IT Services and IT Consulting
857,Software Products and Web Services
857,Healthcare
858,Software Products and Web Services
859,Tourism and Hospitality Services
859,AI Software & Services
860,Software Products and Web Services
861,Game
861,Software Development Outsourcing
862,Software Products and Web Services
863,Software Products and Web Services
864,Banking
864,IT Services and IT Consulting
865,Software Development Outsourcing
865,Software Products and Web Services
867,Banking
867,IT Services and IT Consulting
867,Software Development Outsourcing
868,IT Services and IT Consulting
869,Insurance
869,Banking
869,Securities & Investment
869,Financial Services
870,Financial Services
871,Game
872,IT Services and IT Consulting
873,IT Services and IT Consulting
874,Network and Infrastructure
874,Software Development Outsourcing
874,Software Products and Web Services
875,Education and Training
876,Software Products and Web Services
876,Facility Management
877,Software Products and Web Services
878,Software Products and Web Services
879,Banking
879,Financial Services
880,E-commerce
881,Software Products and Web Services
881,Facility Management
882,Software Products and Web Services
882,Financial Services
883,IT Services and IT Consulting
883,Financial Services
884,Software Products and Web Services
884,Financial Services
885,Software Products and Web Services
885,Financial Services
886,Financial Services
887,Software Products and Web Services
887,AI Software & Services
888,Banking
888,Software Products and Web Services
888,Financial Services
889,E-commerce
889,Software Products and Web Services
890,Education and Training
890,Software Products and Web Services
892,E-commerce
892,Software Products and Web Services
893,E-commerce
894,AI Software & Services
895,Financial Services
896,Software Products and Web Services
897,IT Services and IT Consulting
898,Healthcare
899,IT Services and IT Consulting
900,IT Services and IT Consulting
901,IT Services and IT Consulting
902,IT Services and IT Consulting
902,Software Development Outsourcing
902,Software Products and Web Services
903,Financial Services
904,IT Services and IT Consulting
904,Software Development Outsourcing
904,Software Products and Web Services
905,IT Services and IT Consulting
906,"Transportation, Logistics and Warehouse"
907,IT Services and IT Consulting
908,Software Development Outsourcing
909,Software Products and Web Services
910,Software Development Outsourcing
911,IT Hardware and Computing
911,IT Services and IT Consulting
912,Software Products and Web Services
913,Software Products and Web Services
913,AI Software & Services
914,IT Hardware and Computing
914,IT Services and IT Consulting
914,AI Software & Services
915,IT Services and IT Consulting
916,Banking
917,Cyber Security
918,Insurance
918,IT Services and IT Consulting
918,Software Development Outsourcing
918,Software Products and Web Services
918,AI Software & Services
919,Software Development Outsourcing
919,Software Products and Web Services
920,Software Development Outsourcing
921,IT Services and IT Consulting
922,Insurance
922,Banking
922,Financial Services
923,AI Software & Services
924,AI Software & Services
926,Banking
926,Financial Services
928,Banking
928,IT Services and IT Consulting
929,Banking
929,Software Products and Web Services
930,IT Services and IT Consulting
931,Banking
931,Financial Services
932,IT Services and IT Consulting
933,Banking
933,Software Products and Web Services
933,Financial Services
934,Software Products and Web Services
935,Software Products and Web Services
936,Banking
936,Securities & Investment
936,Financial Services
937,Banking
937,IT Services and IT Consulting
937,Software Products and Web Services
938,Banking
938,Software Products and Web Services
938,Financial Services
939,IT Services and IT Consulting
939,Software Products and Web Services
940,Banking
940,Financial Services
941,Banking
941,Software Products and Web Services
941,Financial Services
942,Banking
942,Financial Services
943,Banking
943,IT Services and IT Consulting
943,Software Products and Web Services
944,Banking
944,IT Services and IT Consulting
944,Software Products and Web Services
945,IT Services and IT Consulting
946,Insurance
946,Banking
946,Software Products and Web Services
947,IT Services and IT Consulting
948,Banking
948,IT Services and IT Consulting
948,Financial Services
950,Banking
950,Software Products and Web Services
950,Financial Services
951,E-commerce
951,Banking
951,"Real Estate, Property and Construction"
952,Software Development Outsourcing
953,E-commerce
953,IT Services and IT Consulting
953,Software Products and Web Services
953,Professional Services
953,AI Software & Services
954,Manufacturing and Engineering
955,IT Services and IT Consulting
956,Tourism and Hospitality Services
957,Software Products and Web Services
958,Game
959,IT Services and IT Consulting
960,Insurance
961,Software Products and Web Services
962,Software Products and Web Services
963,E-commerce
963,IT Services and IT Consulting
963,AI Software & Services
964,Software Products and Web Services
966,Software Products and Web Services
966,Financial Services
967,Software Products and Web Services
968,Creative and Design
969,E-commerce
969,"Media, Advertising and Entertainment"
970,Banking
970,Financial Services
971,Financial Services
972,Software Products and Web Services
973,Software Products and Web Services
974,Software Products and Web Services
975,Software Development Outsourcing
976,Software Products and Web Services
977,Game
978,Financial Services
979,Software Products and Web Services
979,AI Software & Services
980,Education and Training
980,IT Services and IT Consulting
980,Software Products and Web Services
981,Software Products and Web Services
982,E-commerce
982,IT Services and IT Consulting
982,"Transportation, Logistics and Warehouse"
982,Software Development Outsourcing
982,Software Products and Web Services
983,Education and Training
983,Game
983,IT Services and IT Consulting
983,Software Development Outsourcing
983,Software Products and Web Services
984,AI Software & Services
985,Software Development Outsourcing
986,Banking
986,Software Products and Web Services
986,Financial Services
987,IT Services and IT Consulting
988,Pharmaceuticals
988,Software Products and Web Services
988,Healthcare
989,Banking
989,Software Products and Web Services
989,Securities & Investment
989,Financial Services
990,Insurance
990,Education and Training
990,Banking
990,IT Services and IT Consulting
990,Software Development Outsourcing
991,Banking
991,Financial Services
992,IT Services and IT Consulting
992,Software Products and Web Services
992,AI Software & Services
993,IT Services and IT Consulting
994,Education and Training
994,Environment
994,Healthcare
994,Financial Services
995,Software Products and Web Services
996,Cyber Security
996,Software Products and Web Services
996,AI Software & Services
997,Education and Training
997,IT Services and IT Consulting
998,Banking
998,Software Products and Web Services
998,Financial Services
998,AI Software & Services
999,IT Hardware and Computing
999,IT Services and IT Consulting
999,Network and Infrastructure
999,Software Products and Web Services
1000,Banking
1000,Software Development Outsourcing
1001,Professional Services
1002,"Transportation, Logistics and Warehouse"
1003,Retail and Wholesale
1004,IT Services and IT Consulting
1005,IT Services and IT Consulting
1005,Software Products and Web Services
1005,Emerging Tech R&D
1006,IT Services and IT Consulting
1006,Software Development Outsourcing
1007,"Transportation, Logistics and Warehouse"
1008,Financial Services
1009,Software Products and Web Services
1010,IT Services and IT Consulting
1011,IT Services and IT Consulting
1011,Software Products and Web Services
1012,IT Services and IT Consulting
1013,IT Hardware and Computing
1014,Software Products and Web Services
1015,IT Services and IT Consulting
1016,IT Services and IT Consulting
1017,"Real Estate, Property and Construction"
1018,Network and Infrastructure
1019,IT Services and IT Consulting
1019,Cyber Security
1020,Software Products and Web Services
1021,Software Development Outsourcing
1021,Software Products and Web Services
1022,Food and Beverage
1022,Tourism and Hospitality Services
1022,Consumer Goods
1022,E-commerce
1022,Retail and Wholesale
1023,IT Services and IT Consulting
1024,Banking
1024,IT Services and IT Consulting
1024,Software Products and Web Services
1024,Financial Services
1025,Banking
1025,IT Services and IT Consulting
1025,Software Products and Web Services
1025,Financial Services
1026,Banking
1026,IT Services and IT Consulting
1026,Software Products and Web Services
1026,Financial Services
1027,Software Products and Web Services
1028,Software Development Outsourcing
1029,Cyber Security
1030,IT Services and IT Consulting
1031,Retail and Wholesale
1031,Software Products and Web Services
1032,IT Services and IT Consulting
1033,Tourism and Hospitality Services
1033,E-commerce
1033,IT Services and IT Consulting
1034,IT Services and IT Consulting
1035,IT Services and IT Consulting
1036,IT Services and IT Consulting
1036,Software Development Outsourcing
1036,Software Products and Web Services
1036,AI Software & Services
1037,Software Products and Web Services
1038,Game
1039,IT Hardware and Computing
1040,Banking
1040,Software Products and Web Services
1041,IT Services and IT Consulting
1042,IT Services and IT Consulting
1043,Software Development Outsourcing
1043,Software Products and Web Services
1043,AI Software & Services
1044,Telecommunication
1045,Software Products and Web Services
1046,IT Services and IT Consulting
1047,Insurance
1048,"Real Estate, Property and Construction"
1048,Software Products and Web Services
1050,Software Products and Web Services
1051,Banking
1052,Software Products and Web Services
1052,Financial Services
1052,AI Software & Services
1053,Software Products and Web Services
1054,E-commerce
1054,Banking
1054,Software Development Outsourcing
1054,Software Products and Web Services
1054,Financial Services
1055,Software Products and Web Services
1055,Financial Services
1056,Software Development Outsourcing
1056,Software Products and Web Services
1056,Financial Services
1056,AI Software & Services
1057,Software Products and Web Services
1058,Banking
1058,IT Services and IT Consulting
1059,Banking
1059,IT Services and IT Consulting
1060,Banking
1060,Securities & Investment
1060,Financial Services
1061,Software Products and Web Services
1061,Facility Management
1062,E-commerce
1062,IT Services and IT Consulting
1062,Software Products and Web Services
1062,AI Software & Services
1063,E-commerce
1063,Software Products and Web Services
1064,Insurance
1064,E-commerce
1064,Banking
1064,"Transportation, Logistics and Warehouse"
1064,Software Products and Web Services
1065,Education and Training
1065,Software Products and Web Services
1066,Software Products and Web Services
1067,E-commerce
1067,Software Products and Web Services
1068,Creative and Design
1068,AI Software & Services
1069,IT Services and IT Consulting
1069,Software Products and Web Services
1069,AI Software & Services
1070,Software Products and Web Services
1071,Software Products and Web Services
1072,AI Software & Services
1073,IT Services and IT Consulting
1073,"Transportation, Logistics and Warehouse"
1073,Software Products and Web Services
1073,AI Software & Services
1074,E-commerce
1074,Education and Training
1074,Banking
1074,Healthcare
1074,Financial Services
1075,"Real Estate, Property and Construction"
1076,Software Products and Web Services
1077,"Transportation, Logistics and Warehouse"
1078,AI Software & Services
1079,Software Products and Web Services
1080,Software Products and Web Services
1081,IT Hardware and Computing
1081,IT Services and IT Consulting
1082,Education and Training
1083,Tourism and Hospitality Services
1083,E-commerce
1083,IT Services and IT Consulting
1083,Software Products and Web Services
1084,Banking
1084,Software Products and Web Services
1084,Securities & Investment
1084,Financial Services
1085,Software Products and Web Services
1086,Software Products and Web Services
1087,IT Services and IT Consulting
1088,E-commerce
1089,E-commerce
1090,IT Services and IT Consulting
1090,"Transportation, Logistics and Warehouse"
1090,Software Development Outsourcing
1090,Software Products and Web Services
1091,Securities & Investment
1092,Insurance
1092,Banking
1092,IT Services and IT Consulting
1092,Software Products and Web Services
1092,Financial Services
1093,AI Software & Services
1094,Cyber Security
1094,Software Products and Web Services
1094,AI Software & Services
1095,Banking
1095,IT Services and IT Consulting
1095,Software Products and Web Services
1096,Software Products and Web Services
1097,Blockchain & Web3 Services
1097,Banking
1097,Game
1097,Securities & Investment
1097,Financial Services
1098,Banking
1098,Government
1098,Financial Services
1099,Software Products and Web Services
1100,Software Development Outsourcing
1101,Banking
1102,Banking
1102,IT Services and IT Consulting
1102,Financial Services
1103,IT Services and IT Consulting
1104,IT Hardware and Computing
1104,Manufacturing and Engineering
1105,IT Services and IT Consulting
1106,IT Services and IT Consulting
1107,IT Services and IT Consulting
1107,Emerging Tech R&D
1107,AI Software & Services
1108,Software Products and Web Services
1109,Software Products and Web Services
1110,Banking
1110,"Real Estate, Property and Construction"
1110,Financial Services
1110,AI Software & Services
1111,Banking
1111,Financial Services
1112,IT Services and IT Consulting
1112,AI Software & Services
1113,Software Development Outsourcing
1114,Cyber Security
1114,Software Products and Web Services
1115,Software Products and Web Services
1116,Banking
1116,IT Services and IT Consulting
1116,Software Products and Web Services
1116,Financial Services
1117,IT Services and IT Consulting
1118,Emerging Tech R&D
1119,IT Services and IT Consulting
1120,IT Services and IT Consulting
1121,Banking
1121,Securities & Investment
1121,Financial Services
1122,Insurance
1123,Banking
1123,Securities & Investment
1123,Financial Services
1124,Banking
1124,Securities & Investment
1124,Financial Services
1125,Manufacturing and Engineering
1125,IT Services and IT Consulting
1125,Software Products and Web Services
1125,Emerging Tech R&D
1125,AI Software & Services
1126,Manufacturing and Engineering
1126,IT Services and IT Consulting
1126,Software Products and Web Services
1126,Emerging Tech R&D
1126,AI Software & Services
1127,Software Products and Web Services
1127,Healthcare
1128,Telecommunication
1129,Telecommunication
1130,"Transportation, Logistics and Warehouse"
1131,Telecommunication
1132,Software Products and Web Services
1134,Software Products and Web Services
1135,IT Services and IT Consulting
1135,Software Development Outsourcing
1135,Software Products and Web Services
1137,Blockchain & Web3 Services
1138,IT Services and IT Consulting
1138,Software Development Outsourcing
1139,Software Products and Web Services
1140,Software Products and Web Services
1141,Software Products and Web Services
1142,Software Products and Web Services
1143,Education and Training
1144,Software Products and Web Services
1146,"Real Estate, Property and Construction"
1146,Software Products and Web Services
1147,Software Products and Web Services
1148,IT Hardware and Computing
1149,Software Products and Web Services
1150,IT Services and IT Consulting
1151,AI Software & Services
1152,AI Software & Services
1153,AI Software & Services
1154,Software Products and Web Services
1155,IT Services and IT Consulting
1156,E-commerce
1156,"Real Estate, Property and Construction"
1156,Financial Services
1157,Software Products and Web Services
1159,E-commerce
1159,IT Services and IT Consulting
1160,IT Hardware and Computing
1160,IT Services and IT Consulting
1160,AI Software & Services
1161,Software Products and Web Services
1161,Facility Management
1162,Game
1163,IT Services and IT Consulting
1164,Healthcare
1165,Healthcare
1166,Software Products and Web Services
1167,Insurance
1167,E-commerce
1167,Banking
1167,IT Services and IT Consulting
1167,Software Development Outsourcing
1168,Banking
1169,Banking
1169,Financial Services
1170,IT Hardware and Computing
1170,IT Services and IT Consulting
1170,Cyber Security
1170,Network and Infrastructure
1170,Software Products and Web Services
1171,Software Development Outsourcing
1172,E-commerce
1172,"Media, Advertising and Entertainment"
1172,IT Services and IT Consulting
1172,Software Products and Web Services
1172,Creative and Design
1173,E-commerce
1173,IT Services and IT Consulting
1173,"Transportation, Logistics and Warehouse"
1173,Software Products and Web Services
1174,IT Services and IT Consulting
1175,Game
1176,Software Products and Web Services
1177,Software Products and Web Services
1178,Software Products and Web Services
1179,Game
1180,Manufacturing and Engineering
1180,Software Products and Web Services
1181,IT Services and IT Consulting
1182,Software Products and Web Services
1183,Software Products and Web Services
1184,Software Products and Web Services
1185,IT Services and IT Consulting
1185,Cyber Security
1185,Software Development Outsourcing
1185,Software Products and Web Services
1185,AI Software & Services
1186,Software Products and Web Services
1187,Software Products and Web Services
1188,Game
1189,Blockchain & Web3 Services
1189,IT Hardware and Computing
1189,Emerging Tech R&D
1189,AI Software & Services
1190,Software Products and Web Services
1190,AI Software & Services
1192,IT Services and IT Consulting
1193,Financial Services
1194,"Media, Advertising and Entertainment"
1195,IT Services and IT Consulting
1195,Cyber Security
1195,Software Development Outsourcing
1195,Software Products and Web Services
1195,AI Software & Services
1196,AI Software & Services
1197,Software Products and Web Services
1198,Software Products and Web Services
1199,E-commerce
1199,Retail and Wholesale
1200,Insurance
1201,Blockchain & Web3 Services
1202,IT Services and IT Consulting
1203,Blockchain & Web3 Services
1203,Software Products and Web Services
1204,Professional Services
1205,IT Hardware and Computing
1206,IT Hardware and Computing
1206,IT Services and IT Consulting
1206,Software Development Outsourcing
1206,Software Products and Web Services
1206,AI Software & Services
1207,IT Hardware and Computing
1207,IT Services and IT Consulting
1207,Software Development Outsourcing
1207,Software Products and Web Services
1207,AI Software & Services
1208,Tourism and Hospitality Services
1208,E-commerce
1208,IT Services and IT Consulting
1209,Software Development Outsourcing
1210,Software Development Outsourcing
1210,Software Products and Web Services
1211,IT Services and IT Consulting
1211,Software Development Outsourcing
1211,Software Products and Web Services
1211,AI Software & Services
1212,Software Development Outsourcing
1213,IT Services and IT Consulting
1214,IT Services and IT Consulting
1215,IT Services and IT Consulting
1216,Retail and Wholesale
1217,IT Hardware and Computing
1217,IT Services and IT Consulting
1217,Software Products and Web Services
1217,Professional Services
1217,Financial Services
1218,IT Services and IT Consulting
1219,E-commerce
1219,Retail and Wholesale
1220,IT Services and IT Consulting
1221,IT Services and IT Consulting
1222,E-commerce
1222,"Transportation, Logistics and Warehouse"
1222,Cyber Security
1222,Network and Infrastructure
1222,Software Development Outsourcing
1223,"Media, Advertising and Entertainment"
1223,IT Services and IT Consulting
1223,Cyber Security
1223,Software Products and Web Services
1223,AI Software & Services
1224,Telecommunication
1225,AI Software & Services
1227,Software Development Outsourcing
1229,Software Products and Web Services
1230,Cyber Security
1231,Game
1232,AI Software & Services
1233,"Media, Advertising and Entertainment"
1234,Banking
1234,Software Products and Web Services
1234,Financial Services
1234,AI Software & Services
1235,Software Products and Web Services
1236,Banking
1237,IT Services and IT Consulting
1237,Software Development Outsourcing
1237,Software Products and Web Services
1238,IT Services and IT Consulting
1238,Software Development Outsourcing
1238,Research Services
1238,AI Software & Services
1239,Software Products and Web Services
1240,Banking
1240,Financial Services
1241,E-commerce
1241,Software Products and Web Services
1241,AI Software & Services
1243,Software Products and Web Services
1245,Blockchain & Web3 Services
1245,IT Hardware and Computing
1245,IT Services and IT Consulting
1245,AI Software & Services
1246,AI Software & Services
1247,E-commerce
1247,Software Products and Web Services
1248,AI Software & Services
1249,Software Products and Web Services
1250,Banking
1250,Software Products and Web Services
1251,Banking
1251,IT Services and IT Consulting
1251,Cyber Security
1251,Financial Services
1251,AI Software & Services
1252,Banking
1252,Financial Services
1253,AI Software & Services
1254,Software Products and Web Services
1255,AI Software & Services
1256,E-commerce
1256,Game
1256,Software Products and Web Services
1256,Sports and Fitness
1256,Research Services
1257,IT Services and IT Consulting
1258,Software Products and Web Services
1258,Financial Services
1259,Software Products and Web Services
1259,Financial Services
1260,Software Development Outsourcing
1261,IT Services and IT Consulting
1261,Software Products and Web Services
1262,Software Products and Web Services
1263,Software Products and Web Services
1265,Banking
1265,Securities & Investment
1265,Financial Services
1265,Emerging Tech R&D
1266,Insurance
1267,Pharmaceuticals
1268,Pharmaceuticals
1268,Healthcare
1269,Banking
1269,IT Services and IT Consulting
1269,Staffing and Recruiting
1270,Software Development Outsourcing
1271,Software Products and Web Services
1272,Software Products and Web Services
1273,Healthcare
1274,IT Services and IT Consulting
1274,Software Products and Web Services
1275,AI Software & Services
1276,Banking
1276,Securities & Investment
1276,Financial Services
1277,Software Products and Web Services
1278,Education and Training
1278,Software Products and Web Services
1279,E-commerce
1279,Software Products and Web Services
1280,Cyber Security
1281,Software Products and Web Services
1282,Software Products and Web Services
1282,Financial Services
1282,AI Software & Services
1283,Banking
1283,IT Services and IT Consulting
1283,Securities & Investment
1284,IT Hardware and Computing
1285,Software Development Outsourcing
1286,Software Products and Web Services
1287,Software Products and Web Services
1287,Securities & Investment
1287,Financial Services
1288,Software Products and Web Services
1289,AI Software & Services
1290,Manufacturing and Engineering
1290,IT Services and IT Consulting
1290,Software Development Outsourcing
1290,Software Products and Web Services
1290,AI Software & Services
1291,Financial Services
1292,E-commerce
1292,Software Products and Web Services
1293,Game
1293,IT Services and IT Consulting
1293,Software Development Outsourcing
1293,Software Products and Web Services
1294,E-commerce
1294,"Transportation, Logistics and Warehouse"
1294,Software Products and Web Services
1295,E-commerce
1295,Software Products and Web Services
1295,AI Software & Services
1296,E-commerce
1296,"Media, Advertising and Entertainment"
1297,IT Hardware and Computing
1297,IT Services and IT Consulting
1297,Software Development Outsourcing
1297,Software Products and Web Services
1297,AI Software & Services
1298,E-commerce
1298,"Transportation, Logistics and Warehouse"
1298,Software Products and Web Services
1299,IT Services and IT Consulting
1299,Financial Services
1300,E-commerce
1300,Software Products and Web Services
1301,"Transportation, Logistics and Warehouse"
1303,IT Services and IT Consulting
1304,Banking
1304,IT Services and IT Consulting
1304,Software Products and Web Services
1304,Financial Services
1305,Banking
1305,IT Services and IT Consulting
1305,Trading and Commercial
1305,Software Development Outsourcing
1305,Financial Services
1306,Software Products and Web Services
1307,Retail and Wholesale
1307,IT Services and IT Consulting
1307,"Transportation, Logistics and Warehouse"
1308,Banking
1308,"Real Estate, Property and Construction"
1308,Financial Services
1310,Insurance
1310,E-commerce
1310,Banking
1310,Financial Services
1310,AI Software & Services
1311,Software Development Outsourcing
1312,IT Services and IT Consulting
1312,Software Products and Web Services
1312,AI Software & Services
1313,E-commerce
1313,IT Services and IT Consulting
1313,Telecommunication
1313,Software Products and Web Services
1313,Creative and Design
1314,"Real Estate, Property and Construction"
1314,Software Products and Web Services
1315,Software Products and Web Services
1316,Food and Beverage
1317,IT Services and IT Consulting
1318,Securities & Investment
1319,Game
1319,IT Services and IT Consulting
1320,IT Services and IT Consulting
1321,Banking
1321,Software Development Outsourcing
1322,Software Products and Web Services
1322,Securities & Investment
1322,Financial Services
1323,Retail and Wholesale
1324,Government
1324,Software Products and Web Services
1325,Software Development Outsourcing
1326,E-commerce
1326,IT Services and IT Consulting
1326,Software Development Outsourcing
1326,Software Products and Web Services
1326,AI Software & Services
1327,Banking
1327,IT Services and IT Consulting
1327,Software Products and Web Services
1327,Financial Services
1328,Tourism and Hospitality Services
1328,IT Hardware and Computing
1328,IT Services and IT Consulting
1328,Software Products and Web Services
1329,IT Hardware and Computing
1329,IT Services and IT Consulting
1329,Software Products and Web Services
1329,AI Software & Services
1331,Blockchain & Web3 Services
1331,Cyber Security
1332,E-commerce
1332,"Transportation, Logistics and Warehouse"
1333,Retail and Wholesale
1334,Banking
1334,Financial Services
1335,E-commerce
1335,"Transportation, Logistics and Warehouse"
1336,IT Services and IT Consulting
1337,E-commerce
1337,IT Services and IT Consulting
1337,Software Products and Web Services
1337,AI Software & Services
1338,IT Services and IT Consulting
1339,Banking
1339,Software Products and Web Services
1339,Financial Services
1340,E-commerce
1340,Software Products and Web Services
1340,AI Software & Services
1341,Consumer Goods
1341,Manufacturing and Engineering
1341,Retail and Wholesale
1341,"Transportation, Logistics and Warehouse"
1341,Network and Infrastructure
1342,IT Services and IT Consulting
1343,Insurance
1343,Banking
1343,Software Development Outsourcing
1343,Securities & Investment
1343,Financial Services
1344,Banking
1344,IT Services and IT Consulting
1344,Software Products and Web Services
1344,Financial Services
1345,E-commerce
1345,"Media, Advertising and Entertainment"
1345,Software Products and Web Services
1346,Healthcare
1347,IT Services and IT Consulting
1349,Banking
1349,Software Products and Web Services
1350,Banking
1351,Education and Training
1351,Software Products and Web Services
1351,AI Software & Services
1352,Financial Services
1353,Banking
1353,Financial Services
1354,IT Services and IT Consulting
1355,Game
1356,Banking
1356,Software Products and Web Services
1357,Software Products and Web Services
1358,Software Products and Web Services
1359,E-commerce
1360,Banking
1360,Software Products and Web Services
1360,Financial Services
1361,Insurance
1361,IT Services and IT Consulting
1361,Software Development Outsourcing
1361,Software Products and Web Services
1361,Healthcare
1362,E-commerce
1362,Software Products and Web Services
1362,Financial Services
1363,E-commerce
1363,Software Products and Web Services
1363,Financial Services
1364,Software Development Outsourcing
1364,Software Products and Web Services
1365,E-commerce
1365,Software Products and Web Services
1365,AI Software & Services
1366,Banking
1367,E-commerce
1367,Software Products and Web Services
1368,Software Products and Web Services
1369,Banking
1369,Game
1369,Financial Services
1370,Banking
1370,IT Services and IT Consulting
1370,Software Products and Web Services
1370,Financial Services
1371,IT Hardware and Computing
1371,IT Services and IT Consulting
1371,AI Software & Services
1372,AI Software & Services
1373,IT Services and IT Consulting
1374,IT Services and IT Consulting
1375,IT Services and IT Consulting
1376,Healthcare
1377,Software Development Outsourcing
1378,IT Services and IT Consulting
1379,Software Development Outsourcing
1380,IT Services and IT Consulting
1381,E-commerce
1381,Software Development Outsourcing
1381,Software Products and Web Services
1381,AI Software & Services
1382,Emerging Tech R&D
1383,Banking
1383,Securities & Investment
1383,Financial Services
1384,IT Services and IT Consulting
1385,E-commerce
1385,Software Products and Web Services
1386,Software Products and Web Services
1387,Software Products and Web Services
1387,Financial Services
1388,Financial Services
1389,Software Products and Web Services
1390,Software Products and Web Services
1391,Banking
1391,Financial Services
1392,Banking
1392,Financial Services
1393,IT Services and IT Consulting
1393,Software Development Outsourcing
1394,IT Services and IT Consulting
1394,Software Development Outsourcing
1394,Software Products and Web Services
1395,Game
1395,"Media, Advertising and Entertainment"
1395,IT Services and IT Consulting
1395,Software Products and Web Services
1395,AI Software & Services
1396,Software Products and Web Services
1398,IT Services and IT Consulting
1398,"Transportation, Logistics and Warehouse"
1398,Software Products and Web Services
1399,"Real Estate, Property and Construction"
1400,E-commerce
1401,Retail and Wholesale
1402,Software Products and Web Services
1403,Manufacturing and Engineering
1403,Software Products and Web Services
1404,Manufacturing and Engineering
1404,Software Products and Web Services
1405,Retail and Wholesale
1406,E-commerce
1406,Software Products and Web Services
1407,Software Products and Web Services
1408,Software Products and Web Services
1409,Software Products and Web Services
1410,Insurance
1410,Banking
1410,IT Services and IT Consulting
1410,Software Development Outsourcing
1410,Healthcare
1411,IT Services and IT Consulting
1411,Software Development Outsourcing
1412,Software Products and Web Services
1413,Securities & Investment
1414,IT Services and IT Consulting
1415,Software Products and Web Services
1416,IT Services and IT Consulting
1417,IT Services and IT Consulting
1417,Software Development Outsourcing
1418,Software Products and Web Services
1418,Healthcare
1419,Creative and Design
1419,AI Software & Services
1420,Software Products and Web Services
1421,Banking
1421,IT Services and IT Consulting
1421,Software Products and Web Services
1421,Financial Services
1422,IT Services and IT Consulting
1422,Software Products and Web Services
1423,IT Services and IT Consulting
1423,Software Products and Web Services
1424,E-commerce
1424,Software Products and Web Services
1425,Game
1426,Game
1426,"Media, Advertising and Entertainment"
1426,Software Products and Web Services
1426,Creative and Design
1426,AI Software & Services
1427,Game
1427,"Media, Advertising and Entertainment"
1427,IT Services and IT Consulting
1427,Software Products and Web Services
1428,AI Software & Services
1429,Software Development Outsourcing
1430,"Real Estate, Property and Construction"
1430,Software Products and Web Services
1432,E-commerce
1432,Software Products and Web Services
1433,IT Services and IT Consulting
1433,Software Products and Web Services
1433,Healthcare
1434,IT Services and IT Consulting
1434,Software Products and Web Services
1434,Healthcare
1435,E-commerce
1435,Software Products and Web Services
1435,AI Software & Services
1436,Banking
1436,Software Products and Web Services
1436,Financial Services
1437,IT Services and IT Consulting
1438,Software Development Outsourcing
1439,E-commerce
1439,Banking
1439,Financial Services
1440,Consumer Goods
1440,IT Services and IT Consulting
1440,"Transportation, Logistics and Warehouse"
1441,Game
1441,"Media, Advertising and Entertainment"
1441,IT Services and IT Consulting
1441,Software Products and Web Services
1442,IT Services and IT Consulting
1442,Software Development Outsourcing
1442,Software Products and Web Services
1443,AI Software & Services
1444,Banking
1444,Financial Services
1445,Banking
1445,IT Services and IT Consulting
1446,Banking
1446,Financial Services
1447,Banking
1447,Financial Services
1448,IT Services and IT Consulting
1449,IT Services and IT Consulting
1449,Software Development Outsourcing
1449,Software Products and Web Services
1450,Banking
1450,Financial Services
1451,IT Services and IT Consulting
1451,Software Products and Web Services
1452,Software Products and Web Services
1453,Software Products and Web Services
1454,IT Services and IT Consulting
1455,IT Services and IT Consulting
1455,Software Development Outsourcing
1456,Software Products and Web Services
1458,Consumer Goods
1458,IT Services and IT Consulting
1458,"Transportation, Logistics and Warehouse"
1459,Software Products and Web Services
1460,IT Services and IT Consulting
1461,IT Services and IT Consulting
1462,IT Services and IT Consulting
1463,IT Services and IT Consulting
1463,Software Development Outsourcing
1463,Software Products and Web Services
1463,AI Software & Services
1464,Financial Services
1465,E-commerce
1465,Retail and Wholesale
1465,Software Products and Web Services
1466,Government
1466,IT Services and IT Consulting
1467,Banking
1467,IT Services and IT Consulting
1467,Software Development Outsourcing
1467,Financial Services
1468,Emerging Tech R&D
1469,Banking
1469,IT Services and IT Consulting
1469,AI Software & Services
1470,Software Products and Web Services
1471,Tourism and Hospitality Services
1471,E-commerce
1473,IT Services and IT Consulting
1474,Game
1475,Game
1475,Software Development Outsourcing
1476,Insurance
1476,E-commerce
1476,Banking
1476,Healthcare
1476,Financial Services
1477,E-commerce
1477,Financial Services
1478,Telecommunication
1479,E-commerce
1479,Software Products and Web Services
1480,Banking
1480,IT Services and IT Consulting
1480,Software Development Outsourcing
1480,Software Products and Web Services
1480,Financial Services
1481,Software Products and Web Services
1481,Financial Services
1481,AI Software & Services
1482,IT Services and IT Consulting
1483,E-commerce
1483,Software Products and Web Services
1483,AI Software & Services
1484,Game
1484,IT Services and IT Consulting
1484,Software Development Outsourcing
1484,Software Products and Web Services
1485,IT Services and IT Consulting
1485,Software Products and Web Services
1486,Manufacturing and Engineering
1487,IT Services and IT Consulting
1487,Financial Services
1488,Software Products and Web Services
1488,Agriculture
1488,Emerging Tech R&D
1488,AI Software & Services
1489,Banking
1490,Software Products and Web Services
1490,Financial Services
1491,IT Hardware and Computing
1492,IT Services and IT Consulting
1493,"Real Estate, Property and Construction"
1493,IT Services and IT Consulting
1493,Software Products and Web Services
1494,Software Products and Web Services
1495,"Real Estate, Property and Construction"
1495,IT Services and IT Consulting
1495,Cyber Security
1495,Network and Infrastructure
1495,Software Products and Web Services
1496,Software Development Outsourcing
1497,IT Services and IT Consulting
1497,Software Products and Web Services
1497,AI Software & Services
1498,Banking
1498,IT Services and IT Consulting
1498,Software Development Outsourcing
1499,AI Software & Services
1500,Software Development Outsourcing
1501,Software Products and Web Services
1502,"Transportation, Logistics and Warehouse"
1503,Insurance
1504,Tourism and Hospitality Services
1504,IT Services and IT Consulting
1505,Banking
1505,Securities & Investment
1505,Financial Services
1506,IT Services and IT Consulting
1507,IT Services and IT Consulting
1507,Software Development Outsourcing
1508,Network and Infrastructure
1509,Software Development Outsourcing
1509,Software Products and Web Services
1510,Software Products and Web Services
1511,IT Services and IT Consulting
1511,Software Development Outsourcing
1511,Software Products and Web Services
1512,Software Products and Web Services
1512,AI Software & Services
1513,IT Services and IT Consulting
1513,Software Development Outsourcing
1513,Software Products and Web Services
1514,Software Development Outsourcing
1514,Software Products and Web Services
1514,AI Software & Services
1515,Software Products and Web Services
1517,E-commerce
1517,IT Services and IT Consulting
1517,Software Products and Web Services
1517,AI Software & Services
1518,Banking
1518,Securities & Investment
1518,Financial Services
1518,AI Software & Services
1519,Software Development Outsourcing
1520,"Real Estate, Property and Construction"
1520,Software Products and Web Services
1521,"Real Estate, Property and Construction"
1521,Software Products and Web Services
1522,"Real Estate, Property and Construction"
1522,Software Products and Web Services
1524,E-commerce
1524,Software Products and Web Services
1524,Creative and Design
1525,E-commerce
1525,Software Products and Web Services
1525,Financial Services
1526,Tourism and Hospitality Services
1526,IT Services and IT Consulting
1526,Software Development Outsourcing
1526,Software Products and Web Services
1526,AI Software & Services
1527,E-commerce
1527,"Transportation, Logistics and Warehouse"
1527,Software Products and Web Services
1528,Software Products and Web Services
1529,Software Products and Web Services
1530,IT Services and IT Consulting
1531,IT Services and IT Consulting
1532,IT Services and IT Consulting
1533,Software Products and Web Services
1533,Healthcare
1533,Financial Services
1534,IT Services and IT Consulting
1534,Software Development Outsourcing
1535,Software Products and Web Services
1535,Financial Services
1536,Software Development Outsourcing
1536,Software Products and Web Services
1536,AI Software & Services
1537,IT Services and IT Consulting
1538,Telecommunication
1539,Software Products and Web Services
1540,Financial Services
1541,Financial Services
1542,Software Products and Web Services
1543,Game
1543,"Media, Advertising and Entertainment"
1543,IT Services and IT Consulting
1543,Software Products and Web Services
1544,"Real Estate, Property and Construction"
1545,Cyber Security
1545,Software Products and Web Services
1545,AI Software & Services
1546,Software Products and Web Services
1547,Insurance
1548,"Real Estate, Property and Construction"
1548,Software Products and Web Services
1550,Banking
1550,IT Services and IT Consulting
1550,Software Products and Web Services
1550,Financial Services
1551,IT Services and IT Consulting
1552,E-commerce
1552,Software Products and Web Services
1553,Software Development Outsourcing
1554,Financial Services
1555,Blockchain & Web3 Services
1555,"Real Estate, Property and Construction"
1555,Software Development Outsourcing
1555,Software Products and Web Services
1555,AI Software & Services
1556,Software Development Outsourcing
1557,Manufacturing and Engineering
1557,IT Services and IT Consulting
1557,Software Products and Web Services
1558,Software Products and Web Services
1558,Securities & Investment
1558,Financial Services
1559,Software Products and Web Services
1559,Securities & Investment
1559,Financial Services
1560,IT Services and IT Consulting
1560,Software Products and Web Services
1560,Sports and Fitness
1561,AI Software & Services
1562,Software Products and Web Services
1562,AI Software & Services
1563,Manufacturing and Engineering
1564,Software Products and Web Services
1565,IT Services and IT Consulting
1566,AI Software & Services
1567,E-commerce
1568,E-commerce
1568,Software Development Outsourcing
1568,Software Products and Web Services
1569,Software Development Outsourcing
1569,Software Products and Web Services
1570,Banking
1571,"Transportation, Logistics and Warehouse"
1571,Software Products and Web Services
1572,Software Products and Web Services
1573,Manufacturing and Engineering
1573,"Real Estate, Property and Construction"
1573,IT Services and IT Consulting
1573,Software Products and Web Services
1573,Emerging Tech R&D
1574,Banking
1574,Financial Services
1576,IT Services and IT Consulting
1576,Software Products and Web Services
1576,Financial Services
1577,Financial Services
1578,Banking
1578,Software Products and Web Services
1578,Financial Services
1579,Banking
1579,Financial Services
1580,IT Services and IT Consulting
1581,Telecommunication
1582,Telecommunication
1583,Financial Services
1584,E-commerce
1584,"Media, Advertising and Entertainment"
1585,Software Products and Web Services
1586,IT Services and IT Consulting
1587,IT Services and IT Consulting
1588,E-commerce
1588,IT Services and IT Consulting
1588,Software Products and Web Services
1589,IT Services and IT Consulting
1590,IT Services and IT Consulting
1590,Software Products and Web Services
1590,AI Software & Services
1591,Education and Training
1591,IT Services and IT Consulting
1591,Software Products and Web Services
1592,IT Services and IT Consulting
1593,E-commerce
1593,Software Products and Web Services
1594,Game
1595,Education and Training
1595,Software Products and Web Services
1596,Game
1597,E-commerce
1597,Software Products and Web Services
1597,AI Software & Services
1598,E-commerce
1599,Software Products and Web Services
1599,Financial Services
1599,AI Software & Services
1600,Banking
1600,Software Products and Web Services
1601,Banking
1601,Software Products and Web Services
1602,IT Services and IT Consulting
1602,Cyber Security
1602,Emerging Tech R&D
1603,IT Services and IT Consulting
1604,IT Services and IT Consulting
1605,Banking
1605,IT Services and IT Consulting
1605,Financial Services
1606,Tourism and Hospitality Services
1606,IT Services and IT Consulting
1606,Network and Infrastructure
1606,Software Development Outsourcing
1606,Software Products and Web Services
1607,Software Development Outsourcing
1608,IT Services and IT Consulting
1608,Software Development Outsourcing
1608,Software Products and Web Services
1608,Professional Services
1608,AI Software & Services
1609,Software Development Outsourcing
1610,Software Products and Web Services
1611,IT Services and IT Consulting
1612,IT Services and IT Consulting
1612,Software Development Outsourcing
1612,Software Products and Web Services
1613,Professional Services
1614,IT Hardware and Computing
1614,IT Services and IT Consulting
1615,IT Hardware and Computing
1615,IT Services and IT Consulting
1616,Game
1616,IT Services and IT Consulting
1616,Software Development Outsourcing
1616,Software Products and Web Services
1616,AI Software & Services
1617,Manufacturing and Engineering
1618,Banking
1618,IT Services and IT Consulting
1618,Software Products and Web Services
1618,Financial Services
1619,E-commerce
1619,Software Development Outsourcing
1619,Software Products and Web Services
1619,Emerging Tech R&D
1619,AI Software & Services
1620,Software Products and Web Services
1621,IT Services and IT Consulting
1622,Software Products and Web Services
1623,IT Services and IT Consulting
1624,Blockchain & Web3 Services
1624,AI Software & Services
1625,Manufacturing and Engineering
1625,IT Services and IT Consulting
1625,Software Products and Web Services
1626,IT Services and IT Consulting
1627,Software Products and Web Services
1629,Software Products and Web Services
1629,AI Software & Services
1630,Software Development Outsourcing
1631,Telecommunication
1632,IT Services and IT Consulting
1633,Manufacturing and Engineering
1633,IT Services and IT Consulting
1633,Software Products and Web Services
1634,Telecommunication
1635,Software Products and Web Services
1635,AI Software & Services
1636,Software Products and Web Services
1637,Software Products and Web Services
1639,E-commerce
1640,Banking
1640,Securities & Investment
1640,Financial Services
1641,Software Products and Web Services
1642,Software Products and Web Services
1643,Software Products and Web Services
1644,IT Services and IT Consulting
1644,Research Services
1644,Emerging Tech R&D
1645,IT Services and IT Consulting
1645,Research Services
1645,Emerging Tech R&D
1646,IT Services and IT Consulting
1646,Software Development Outsourcing
1646,Software Products and Web Services
1647,IT Services and IT Consulting
1647,Software Products and Web Services
1647,Professional Services
1648,Banking
1648,Securities & Investment
1648,Financial Services
1649,IT Hardware and Computing
1649,Manufacturing and Engineering
1650,IT Services and IT Consulting
1651,IT Services and IT Consulting
1651,AI Software & Services
1652,Banking
1653,Banking
1654,IT Services and IT Consulting
1655,Banking
1655,Financial Services
1656,Banking
1656,Financial Services
1657,Manufacturing and Engineering
1657,IT Services and IT Consulting
1657,Software Development Outsourcing
1657,Software Products and Web Services
1657,AI Software & Services
1658,Financial Services
1659,Banking
1660,Blockchain & Web3 Services
1660,Banking
1660,Financial Services
1661,Banking
1662,Banking
1662,IT Services and IT Consulting
1662,Software Development Outsourcing
1662,Software Products and Web Services
1662,AI Software & Services
1663,IT Services and IT Consulting
1663,Software Development Outsourcing
1663,Software Products and Web Services
1664,Banking
1664,Financial Services
1665,Banking
1665,Financial Services
1666,Banking
1667,IT Services and IT Consulting
1667,"Transportation, Logistics and Warehouse"
1667,Software Products and Web Services
1668,Manufacturing and Engineering
1668,IT Services and IT Consulting
1668,Software Development Outsourcing
1668,Emerging Tech R&D
1669,E-commerce
1669,"Media, Advertising and Entertainment"
1669,Software Development Outsourcing
1669,Software Products and Web Services
1670,Insurance
1670,E-commerce
1670,Banking
1670,IT Services and IT Consulting
1670,Healthcare
1671,Software Development Outsourcing
1672,IT Hardware and Computing
1672,Software Products and Web Services
1672,AI Software & Services
1673,IT Hardware and Computing
1674,Education and Training
1675,IT Hardware and Computing
1675,Cyber Security
1675,Software Products and Web Services
1675,AI Software & Services
1676,Software Products and Web Services
1677,Software Products and Web Services
1678,E-commerce
1678,Software Products and Web Services
1679,Securities & Investment
1680,IT Services and IT Consulting
1681,Education and Training
1682,Education and Training
1683,IT Services and IT Consulting
1683,Software Products and Web Services
1683,Emerging Tech R&D
1683,AI Software & Services
1684,Software Products and Web Services
1685,Banking
1685,IT Services and IT Consulting
1685,Cyber Security
1685,Network and Infrastructure
1685,Financial Services
1686,Software Products and Web Services
1687,"Real Estate, Property and Construction"
1688,Education and Training
1688,Game
1689,E-commerce
1689,Software Products and Web Services
1690,Banking
1690,Software Products and Web Services
1691,IT Hardware and Computing
1691,Software Products and Web Services
1692,Banking
1693,E-commerce
1693,Software Products and Web Services
1694,Software Products and Web Services
1695,Cyber Security
1696,E-commerce
1696,Software Products and Web Services
1697,Manufacturing and Engineering
1698,Software Products and Web Services
1698,AI Software & Services
1699,Blockchain & Web3 Services
1699,Banking
1699,Software Products and Web Services
1699,Securities & Investment
1699,Financial Services
1700,IT Services and IT Consulting
1700,Software Development Outsourcing
1701,Financial Services
1702,Software Products and Web Services
1703,Software Products and Web Services
1705,Software Products and Web Services
1705,AI Software & Services
1706,Game
1707,Software Products and Web Services
1707,Financial Services
1707,AI Software & Services
1708,AI Software & Services
1709,E-commerce
1710,IT Services and IT Consulting
1710,Software Development Outsourcing
1711,IT Services and IT Consulting
1711,Cyber Security
1711,Software Development Outsourcing
1711,Software Products and Web Services
1711,AI Software & Services
1712,Healthcare
1713,E-commerce
1713,Banking
1713,IT Services and IT Consulting
1713,Software Products and Web Services
1714,Food and Beverage
1714,Tourism and Hospitality Services
1714,E-commerce
1714,IT Services and IT Consulting
1714,Financial Services
1715,E-commerce
1715,Software Products and Web Services
1716,Software Products and Web Services
1717,IT Services and IT Consulting
1718,E-commerce
1718,IT Services and IT Consulting
1718,Emerging Tech R&D
1718,AI Software & Services
1719,Software Development Outsourcing
1720,IT Services and IT Consulting
1721,Software Development Outsourcing
1721,Software Products and Web Services
1722,Banking
1722,IT Services and IT Consulting
1722,Software Development Outsourcing
1722,Financial Services
1723,Blockchain & Web3 Services
1723,IT Services and IT Consulting
1723,"Transportation, Logistics and Warehouse"
1723,Trading and Commercial
1723,Software Products and Web Services
1724,IT Services and IT Consulting
1725,Financial Services
1726,Insurance
1726,IT Services and IT Consulting
1726,Software Development Outsourcing
1726,Software Products and Web Services
1726,AI Software & Services
1727,IT Services and IT Consulting
1728,Education and Training
1729,Telecommunication
1730,Telecommunication
1731,Telecommunication
1732,E-commerce
1733,Blockchain & Web3 Services
1733,IT Services and IT Consulting
1733,Software Products and Web Services
1734,Telecommunication
1735,IT Services and IT Consulting
1736,IT Services and IT Consulting
1737,Financial Services
1738,Software Development Outsourcing
1738,Software Products and Web Services
1738,Emerging Tech R&D
1739,IT Services and IT Consulting
1740,IT Services and IT Consulting
1741,Banking
1741,Financial Services
1742,Banking
1742,Financial Services
1743,Banking
1743,Financial Services
1744,IT Services and IT Consulting
1745,IT Services and IT Consulting
1745,AI Software & Services
1746,Banking
1746,Securities & Investment
1746,Financial Services
1747,Banking
1747,Financial Services
1748,Manufacturing and Engineering
1748,Software Products and Web Services
1749,Game
1750,Game
1751,Financial Services
1752,Food and Beverage
1752,E-commerce
1752,Retail and Wholesale
1753,Software Development Outsourcing
1754,IT Services and IT Consulting
1755,Software Products and Web Services
1756,Software Products and Web Services
1757,Financial Services
1758,Software Products and Web Services
1759,IT Services and IT Consulting
1760,IT Services and IT Consulting
1761,IT Services and IT Consulting
1761,"Transportation, Logistics and Warehouse"
1761,Software Products and Web Services
1761,Creative and Design
1761,AI Software & Services
1762,Tourism and Hospitality Services
1762,E-commerce
1762,IT Hardware and Computing
1762,"Media, Advertising and Entertainment"
1762,Creative and Design
1763,"Media, Advertising and Entertainment"
1764,Blockchain & Web3 Services
1764,Software Products and Web Services
1764,Creative and Design
1765,Banking
1765,Financial Services
1766,Game
1767,Game
1767,Software Products and Web Services
1768,Game
1769,Game
1770,Game
1771,Game
1772,Game
1773,Game
1774,Financial Services
1775,Software Development Outsourcing
1775,Software Products and Web Services
1776,AI Software & Services
1777,AI Software & Services
1778,Government
1778,Network and Infrastructure
1778,AI Software & Services
1779,Software Products and Web Services
1780,Emerging Tech R&D
1781,Blockchain & Web3 Services
1781,IT Services and IT Consulting
1781,Software Products and Web Services
1781,AI Software & Services
1782,Blockchain & Web3 Services
1782,IT Services and IT Consulting
1782,Software Products and Web Services
1782,Emerging Tech R&D
1782,AI Software & Services
1783,IT Services and IT Consulting
1783,Software Development Outsourcing
1783,Software Products and Web Services
1784,Software Products and Web Services
1785,IT Services and IT Consulting
1786,Software Development Outsourcing
1786,Software Products and Web Services
1787,Game
1788,IT Services and IT Consulting
1789,E-commerce
1789,IT Services and IT Consulting
1789,"Transportation, Logistics and Warehouse"
1789,Software Products and Web Services
1790,Software Products and Web Services
1791,IT Services and IT Consulting
1792,Software Products and Web Services
1792,Healthcare
1792,AI Software & Services
1793,IT Services and IT Consulting
1793,Software Products and Web Services
1793,Creative and Design
1794,Software Products and Web Services
1795,Software Products and Web Services
1797,IT Hardware and Computing
1797,IT Services and IT Consulting
1797,Software Development Outsourcing
1797,Software Products and Web Services
1797,AI Software & Services
1798,IT Services and IT Consulting
1799,IT Services and IT Consulting
